# DatScan(filename: C:\Users\dgpor\Dropbox\Python\ExamplePeaks\387288.dat, namespace: 170, associations: 12)
# 387288.dat
# eta,roi1_sum,error
33.7291, -1.0, 1.4142135623730951
33.7391, -1.0, 1.4142135623730951
33.7491, 1.0, 1.4142135623730951
33.7591, -1.0, 1.4142135623730951
33.7691, -1.0, 1.4142135623730951
33.7791, -2.0, 1.7320508075688772
33.7891, -2.0, 1.7320508075688772
33.7991, 0.0, 1.0
33.8091, -2.0, 1.7320508075688772
33.8191, -1.0, 1.4142135623730951
33.8291, -2.0, 1.7320508075688772
33.8391, -2.0, 1.7320508075688772
33.8491, -1.0, 1.4142135623730951
33.8591, -1.0, 1.4142135623730951
33.8691, -1.0, 1.4142135623730951
33.8791, -1.0, 1.4142135623730951
33.8891, -2.0, 1.7320508075688772
33.8991, -2.0, 1.7320508075688772
33.9091, -2.0, 1.7320508075688772
33.9191, -1.0, 1.4142135623730951
33.9291, -2.0, 1.7320508075688772
33.9391, -2.0, 1.7320508075688772
33.9491, -2.0, 1.7320508075688772
33.9591, -2.0, 1.7320508075688772
33.9691, -1.0, 1.4142135623730951
33.9791, -2.0, 1.7320508075688772
33.9891, -2.0, 1.7320508075688772
33.9991, -2.0, 1.7320508075688772
34.0091, 2.0, 1.7320508075688772
34.0191, 4.0, 2.23606797749979
34.0291, 1.0, 1.4142135623730951
34.0391, -2.0, 1.7320508075688772
34.0491, -1.0, 1.4142135623730951
34.0591, -2.0, 1.7320508075688772
34.0691, -1.0, 1.4142135623730951
34.0791, -1.0, 1.4142135623730951
34.0891, -2.0, 1.7320508075688772
34.0991, -1.0, 1.4142135623730951
34.1091, -2.0, 1.7320508075688772
34.1191, -2.0, 1.7320508075688772
34.1291, -1.0, 1.4142135623730951
34.1391, -2.0, 1.7320508075688772
34.1491, -2.0, 1.7320508075688772
34.1591, 0.0, 1.0
34.1691, -2.0, 1.7320508075688772
34.1791, -2.0, 1.7320508075688772
34.1891, -2.0, 1.7320508075688772
34.1991, -2.0, 1.7320508075688772
34.2091, -2.0, 1.7320508075688772
34.2191, -2.0, 1.7320508075688772
34.2291, -2.0, 1.7320508075688772
34.2391, -2.0, 1.7320508075688772
34.2491, -2.0, 1.7320508075688772
34.2591, -2.0, 1.7320508075688772
34.2691, 0.0, 1.0
34.2791, -1.0, 1.4142135623730951
34.2891, -1.0, 1.4142135623730951
34.2991, -2.0, 1.7320508075688772
34.3091, -2.0, 1.7320508075688772
34.3191, -2.0, 1.7320508075688772
34.3291, 0.0, 1.0
